id,p_ai,member_id,created_at,updated_at
1,79991,04762J43673,2024-10-28,2024-10-29
2,80049,04319J62872,2024-10-28,2024-10-29
3,80055,02567G57952,2024-10-28,2024-10-29
4,80092,03736M92567,2024-10-28,2024-10-29
5,80797,03132B21165,2024-10-28,2024-10-29
6,80804,04756M40031,2024-10-28,2024-10-28
7,80418,01396J95492,2024-10-28,2024-10-29
8,80533,03282A15072,2024-10-28,2024-10-29
9,80573,02393B01546,2024-10-28,2024-10-29
10,81644,09927R74145,2024-10-28,2024-10-29
11,81169,04006B93377,2024-10-28,2024-10-29
12,81234,02240C50152,2024-10-28,2024-10-29
13,81275,01429C90902,2024-10-28,2024-10-29
14,81324,14097H00996,2024-10-28,2024-10-29
15,81343,07162B51503,2024-10-28,2024-10-29
16,81491,04689G15243,2024-10-28,2024-10-29
17,80980,08782J27977,2024-10-28,2024-10-28
18,81509,07696K09584,2024-10-28,2024-10-29
19,81603,03120Q74778,2024-10-28,2024-10-28
20,81715,06471L00309,2024-10-28,2024-10-28
21,81723,07804F76895,2024-10-28,2024-10-29
22,81735,12722M57439,2024-10-28,2024-10-29
23,81770,19303V88658,2024-10-28,2024-10-29
24,81797,16263L96390,2024-10-28,2024-10-29
25,81802,01391K03211,2024-10-28,2024-10-29
26,81806,03235K40493,2024-10-28,2024-10-29
27,82288,01908B70272,2024-10-28,2024-10-29
28,82294,02935V45335,2024-10-28,2024-10-29
29,82314,01664C05686,2024-10-28,2024-10-29
30,82316,03705Z29247,2024-10-28,2024-10-29
31,82405,17034U56565,2024-10-28,2024-10-29
32,82448,04453C22487,2024-10-28,2024-10-29
33,82455,17569W94628,2024-10-28,2024-10-29
34,82471,11392H48464,2024-10-28,2024-10-29
35,82494,04402H28823,2024-10-28,2024-10-29
36,81995,17372B57550,2024-10-28,2024-10-28
37,82548,04249Z31877,2024-10-28,2024-10-29
38,82554,03254S04141,2024-10-28,2024-10-29
39,82053,08689D22418,2024-10-28,2024-10-29
40,82599,06047T45487,2024-10-28,2024-10-29
41,82621,13935B52317,2024-10-28,2024-10-29
42,82645,11654L47821,2024-10-28,2024-10-29
43,84232,14554P68216,2024-10-28,2024-10-29
44,84734,03504M62622,2024-10-28,2024-10-29
45,83209,06932H68362,2024-10-28,2024-10-28
46,83732,04488S72078,2024-10-28,2024-10-29
47,84739,01396S42671,2024-10-28,2024-10-29
48,83746,03505V93656,2024-10-28,2024-10-28
49,83755,02980D40931,2024-10-28,2024-10-29
50,83759,13018E30695,2024-10-28,2024-10-29
51,83246,01149L08949,2024-10-28,2024-10-29
52,82715,01360P23807,2024-10-28,2024-10-29
53,84307,01555S85604,2024-10-28,2024-10-28
54,84309,03584P61765,2024-10-28,2024-10-28
55,84325,04622L00574,2024-10-28,2024-10-29
56,82747,01373Z09979,2024-10-28,2024-10-29
57,84335,04460S61132,2024-10-28,2024-10-29
58,84345,04434N75198,2024-10-28,2024-10-29
59,83820,01222M88022,2024-10-28,2024-10-29
60,83858,02934B80784,2024-10-28,2024-10-29
61,83869,04011J74316,2024-10-28,2024-10-29
62,83354,02834P59038,2024-10-28,2024-10-29
63,84405,02901N71505,2024-10-28,2024-10-29
64,82851,03047A41935,2024-10-28,2024-10-29
65,84424,01333F38081,2024-10-28,2024-10-29
66,84431,02009D00403,2024-10-28,2024-10-29
67,83927,02060P47959,2024-10-28,2024-10-28
68,82918,04462M92132,2024-10-28,2024-10-29
69,84478,18654G07605,2024-10-28,2024-10-29
70,84482,04226K66301,2024-10-28,2024-10-29
71,82933,03675K82401,2024-10-28,2024-10-28
72,84497,09802K31097,2024-10-28,2024-10-29
73,84500,02627G40822,2024-10-28,2024-10-29
74,84504,15724B77273,2024-10-28,2024-10-29
75,84508,10702V89570,2024-10-28,2024-10-29
76,83990,14994L12507,2024-10-28,2024-10-29
77,84512,07763J86488,2024-10-28,2024-10-29
78,84521,12569W07306,2024-10-28,2024-10-29
79,83503,03919B90059,2024-10-28,2024-10-29
80,83526,16017L84048,2024-10-28,2024-10-29
81,84555,15709L19988,2024-10-28,2024-10-28
82,84565,14821M24815,2024-10-28,2024-10-29
83,84567,17765A27001,2024-10-28,2024-10-28
84,84576,01188B89202,2024-10-28,2024-10-29
85,83044,03192C86397,2024-10-28,2024-10-29
86,84589,03860P09880,2024-10-28,2024-10-29
87,84591,12955M51323,2024-10-28,2024-10-29
88,84593,11995M43340,2024-10-28,2024-10-28
89,84091,04429Z29579,2024-10-28,2024-10-29
90,84595,18654G07605,2024-10-28,2024-10-29
91,83056,03054K16092,2024-10-28,2024-10-29
92,84599,10702V89570,2024-10-28,2024-10-29
93,84608,15709L19988,2024-10-28,2024-10-28
94,84610,09802K31097,2024-10-28,2024-10-29
95,84611,07763J86488,2024-10-28,2024-10-29
96,84613,01913M62347,2024-10-28,2024-10-29
97,84614,02685V44139,2024-10-28,2024-10-29
98,84616,01549S30758,2024-10-28,2024-10-29
99,84620,11223P54837,2024-10-28,2024-10-29
100,83618,16787S36865,2024-10-28,2024-10-29
101,84145,17339C07585,2024-10-28,2024-10-29
102,84152,01214M50938,2024-10-28,2024-10-28
103,84641,01378M93842,2024-10-28,2025-01-04
104,84161,01430E50767,2024-10-28,2024-10-28
105,84659,03771P23232,2024-10-28,2024-10-29
106,84182,01361P65737,2024-10-28,2024-10-29
107,84669,01311A73542,2024-10-28,2024-10-29
108,83669,04401K65040,2024-10-28,2024-10-29
109,84184,00773H44410,2024-10-28,2024-10-29
110,83690,02235S17874,2024-10-28,2024-10-29
111,83692,04490R01369,2024-10-28,2024-10-29
112,83175,01305H60885,2024-10-28,2024-10-29
113,84710,04525G28784,2024-10-28,2024-10-29
114,84762,01371P19821,2024-10-28,2024-10-28
115,84765,01366H43505,2024-10-28,2024-10-29
116,84805,02666R45235,2024-10-28,2024-10-28
117,84825,16006W83909,2024-10-28,2024-10-29
118,85686,06374D24223,2024-10-28,2024-10-28
119,85193,01482P22833,2024-10-28,2024-10-29
120,85717,04286A66433,2024-10-28,2024-10-29
121,85212,06522S57990,2024-10-28,2024-10-29
122,85719,18395A08446,2024-10-28,2024-10-29
123,85239,01097A53917,2024-10-28,2024-10-29
124,85747,02299B32519,2024-10-28,2024-10-29
125,85748,03855M09699,2024-10-28,2024-10-29
126,85758,01696F90362,2024-10-28,2024-10-29
127,84795,01344P73974,2024-10-28,2024-10-29
128,85780,13847L27781,2024-10-28,2024-10-29
129,85288,13344G11517,2024-10-28,2024-10-29
130,84821,02594S40417,2024-10-28,2024-10-29
131,84828,04432K46931,2024-10-28,2024-10-29
132,84831,02302N87083,2024-10-28,2024-10-29
133,85307,03551L00736,2024-10-28,2024-10-29
134,84855,06713T15751,2024-10-28,2024-10-29
135,84873,13278Y88983,2024-10-28,2024-10-29
136,84881,12059W58198,2024-10-28,2024-10-29
137,84883,02547V71856,2024-10-28,2024-10-29
138,84926,01490K51613,2024-10-28,2024-10-29
139,84935,04693G31214,2024-10-28,2024-10-29
140,85435,02951H40180,2024-10-28,2024-10-29
141,85453,04336L80198,2024-10-28,2024-10-28
142,85464,18311C51337,2024-10-28,2024-10-29
143,84971,02561P66460,2024-10-28,2024-10-29
144,84985,09857S53176,2024-10-28,2024-10-28
145,84987,09857S53176,2024-10-28,2024-10-28
146,85499,14642R04429,2024-10-28,2024-10-29
147,85018,02091G17346,2024-10-28,2024-10-29
148,85025,29693B37315,2024-10-28,2024-10-29
149,85044,25881P50484,2024-10-28,2024-10-29
150,85530,08506F90779,2024-10-28,2024-10-29
151,85603,01442H67210,2024-10-28,2024-10-29
152,85601,03647M67984,2024-10-28,2024-10-29
153,85609,04379W69961,2024-10-28,2024-10-29
154,85611,01455L75186,2024-10-28,2024-10-29
155,85627,03207A69564,2024-10-28,2024-10-29
156,85644,05892M04272,2024-10-28,2024-10-29
157,85870,01458C25464,2024-10-28,2024-10-29
158,85873,01364L49609,2024-10-28,2024-10-29
159,85890,06421G88961,2024-10-28,2024-10-29
160,85894,16546L03920,2024-10-28,2024-10-29
161,85914,01875C07530,2024-10-28,2024-10-29
162,85939,02956B97490,2024-10-28,2024-10-29
163,85953,02847F11808,2024-10-28,2024-10-29
164,85995,19353D60543,2024-10-28,2024-10-29
165,86053,02182B34175,2024-10-28,2024-10-29
166,86345,04756R35804,2024-10-28,2024-10-29
167,86351,03057H23391,2024-10-28,2024-10-29
168,86380,18996S99978,2024-10-28,2024-10-29
169,86418,02394K22257,2024-10-28,2024-10-29
170,86464,01579E46988,2024-10-28,2024-12-24
171,86472,04710S72705,2024-10-28,2024-10-29
172,86486,02384M55795,2024-10-28,2024-10-29
173,86510,11272C85037,2024-10-28,2024-10-29
174,86578,03495R75759,2024-10-28,2024-10-29
175,86585,09274S55430,2024-10-28,2024-10-29
176,86587,15220Z69170,2024-10-28,2024-10-29
177,86072,06820K14492,2024-10-28,2024-10-29
178,86612,02000B08827,2024-10-28,2024-10-29
179,86093,04643D51238,2024-10-28,2024-10-29
180,86095,02269S48617,2024-10-28,2024-10-28
181,86098,01575K01530,2024-10-28,2024-10-29
182,86642,04496D52432,2024-10-28,2024-10-29
183,86108,01345R37880,2024-10-28,2024-10-28
184,86111,08504B56173,2024-10-28,2024-10-28
185,86114,01312P47414,2024-10-28,2024-10-28
186,86120,01224K01212,2024-10-28,2024-10-28
187,86123,01377K84903,2024-10-28,2024-10-28
188,86126,01374T86313,2024-10-28,2024-10-28
189,86129,01376W63904,2024-10-28,2024-10-28
190,86656,07534H12473,2024-10-28,2024-10-28
191,86132,01341N22755,2024-10-28,2024-10-28
192,86670,01708W88667,2024-10-28,2024-10-29
193,86171,03140G53233,2024-10-28,2024-10-29
194,86932,01337E06970,2024-10-28,2024-10-28
195,87274,01250B01798,2024-10-28,2024-10-29
196,86776,02571L60318,2024-10-28,2024-10-29
197,87302,02382A11124,2024-10-28,2024-10-29
198,87303,12812R52255,2024-10-28,2024-10-29
199,87307,02355C70959,2024-10-28,2024-10-29
200,86790,01258A37865,2024-10-28,2024-10-29
201,86792,01401Q69744,2024-10-28,2024-10-29
202,87316,01495E33137,2024-10-28,2024-10-29
203,87320,03403S88673,2024-10-28,2024-10-29
204,87362,18016L03266,2024-10-28,2024-10-28
205,86831,02715W04416,2024-10-28,2024-10-29
206,86834,17955M03741,2024-10-28,2024-10-28
207,86863,04575R13605,2024-10-28,2024-10-29
208,86878,07191Y38667,2024-10-28,2024-10-29
209,87427,01853H65992,2024-10-28,2024-10-29
210,87436,12058M49079,2024-10-28,2024-10-29
211,87437,01608V77727,2024-10-28,2024-10-29
212,86965,04430B67762,2024-10-28,2024-10-29
213,87021,01730D56308,2024-10-28,2024-10-29
214,87041,02085M08550,2024-10-28,2024-10-29
215,87049,01905M61062,2024-10-28,2024-10-28
216,87068,11337M22170,2024-10-28,2024-10-29
217,87081,06471L00309,2024-10-28,2024-10-29
218,87090,01692C63144,2024-10-28,2024-10-29
219,87129,04065D78687,2024-10-28,2024-10-29
220,87211,02752S88808,2024-10-28,2024-10-29
221,86703,07990B05927,2024-10-28,2024-10-29
222,86704,01791W18420,2024-10-28,2024-10-29
223,87244,04615E49415,2024-10-28,2024-10-29
224,87517,04245R26256,2024-10-28,2024-10-29
225,87808,01875N12489,2024-10-28,2024-10-29
226,87865,03261S18474,2024-10-28,2024-10-29
227,87871,01272D74157,2024-10-28,2024-10-29
228,87881,04498A49739,2024-10-28,2024-10-29
229,88029,10360T78920,2024-10-28,2024-10-28
230,88043,16274T14734,2024-10-28,2024-10-29
231,88047,18819P71349,2024-10-28,2024-10-28
232,87514,03798C29499,2024-10-28,2024-10-29
233,88080,01648B34958,2024-10-28,2024-10-29
234,87547,01909S22925,2024-10-28,2024-10-29
235,88097,03587P43429,2024-10-28,2024-10-28
236,88118,06195H28371,2024-10-28,2024-10-29
237,87589,04009Z48179,2024-10-28,2024-10-29
238,88120,04421T01453,2024-10-28,2024-10-29
239,87597,04066H94265,2024-10-28,2024-10-29
240,87600,02900R62227,2024-10-28,2024-10-29
241,88136,18368S06691,2024-10-28,2024-10-29
242,87608,19670S61282,2024-10-28,2024-10-29
243,87610,06805W37286,2024-10-28,2024-10-29
244,88171,04008P69798,2024-10-28,2024-10-29
245,87639,01126S94910,2024-10-28,2024-10-29
246,88202,06314H02623,2024-10-28,2024-10-28
247,87668,16792G32459,2024-10-28,2024-10-29
248,88215,02662G90635,2024-10-28,2024-10-29
249,88254,01638M28083,2024-10-28,2024-10-29
250,88281,01219G48017,2024-10-28,2024-10-29
251,87764,03441C89823,2024-10-28,2024-10-29
252,87766,03471C62133,2024-10-28,2024-10-29
253,87799,11094P12243,2024-10-28,2024-10-28
254,88375,02377A92489,2024-10-28,2024-10-29
255,88391,24453D61992,2024-10-28,2024-10-29
256,88877,04155S83946,2024-10-28,2024-10-29
257,88361,10966B96020,2024-10-28,2024-10-29
258,88365,01669S49316,2024-10-28,2024-10-29
259,88366,07941V52098,2024-10-28,2024-10-29
260,88386,01282N96653,2024-10-28,2024-10-29
261,88431,01968S10296,2024-10-28,2024-10-29
262,88463,13534P78671,2024-10-28,2024-10-29
263,88489,11180S56260,2024-10-28,2024-10-29
264,88500,03073S94541,2024-10-28,2024-10-29
265,88506,00765T00024,2024-10-28,2024-10-29
266,88513,01467D81354,2024-10-28,2024-10-29
267,88568,02774P59209,2024-10-28,2024-10-29
268,88590,02834M64165,2024-10-28,2024-10-29
269,88668,08814W70188,2024-10-28,2024-10-28
270,88677,04464R05868,2024-10-28,2024-10-29
271,88711,04566M95529,2024-10-28,2024-10-29
272,88746,03346S31421,2024-10-28,2024-10-29
273,88750,01482K86265,2024-10-28,2024-10-29
274,88785,09414P15447,2024-10-28,2024-10-29
275,88937,01318G33980,2024-10-28,2024-10-29
276,88939,20741F07450,2024-10-28,2024-10-29
277,88952,03981H18297,2024-10-28,2024-10-29
278,88963,01941L16185,2024-10-28,2024-10-29
279,89016,04973D08056,2024-10-28,2024-10-29
280,89054,01277D00772,2024-10-28,2024-10-29
281,89057,02001K62148,2024-10-28,2024-10-29
282,89115,06940H00851,2024-10-28,2024-10-29
283,89147,03553C86456,2024-10-28,2024-10-29
284,89178,04035H79854,2024-10-28,2024-10-29
285,89227,04973D08056,2024-10-28,2024-10-29
286,89307,01702G42182,2024-10-28,2024-10-28
287,89887,01425M26799,2024-10-28,2024-10-29
288,89369,02711B60355,2024-10-28,2024-10-29
289,89387,02086F86879,2024-10-28,2024-10-29
290,89405,06133H47789,2024-10-28,2024-10-28
291,89934,05595M61299,2024-10-28,2024-10-29
292,89940,15689R78535,2024-10-28,2024-10-29
293,89418,18168H26940,2024-10-28,2024-10-29
294,89945,02566S40253,2024-10-28,2024-10-28
295,89430,04212V19737,2024-10-28,2024-10-29
296,89952,04071K80568,2024-10-28,2024-10-29
297,89953,03016M47840,2024-10-28,2024-10-29
298,89458,03070H21050,2024-10-28,2024-10-29
299,90039,16165R49115,2024-10-28,2024-10-29
300,89553,11094C18942,2024-10-28,2024-10-29
301,90088,02214M82845,2024-10-28,2024-10-29
302,90090,02214M85392,2024-10-28,2024-10-29
303,89630,08236U25586,2024-10-28,2024-10-29
304,89638,06846A46665,2024-10-28,2024-10-28
305,89657,01332F14535,2024-10-28,2024-10-29
306,89663,01482O26079,2024-10-28,2024-10-29
307,89712,03538V82286,2024-10-28,2024-10-28
308,89750,02619R55458,2024-10-28,2024-10-29
309,89753,14519F02752,2024-10-28,2024-10-29
310,89758,06629S02398,2024-10-28,2024-10-29
311,89766,03351B03663,2024-10-28,2024-10-29
312,89775,13614W40443,2024-10-28,2024-10-29
313,89787,10487W42685,2024-10-28,2024-10-29
314,89269,18365T74764,2024-10-28,2024-10-29
315,89825,02711B60355,2024-10-28,2024-10-29
316,89306,01760M55753,2024-10-28,2024-10-29
317,89338,06103B86768,2024-10-28,2024-10-29
318,89349,00292D42935,2024-10-28,2024-10-29
319,89351,20451U28230,2024-10-28,2024-10-28
320,90135,07517S70930,2024-10-28,2024-10-28
321,90142,03868S93125,2024-10-28,2024-10-28
322,90138,16434B33261,2024-10-28,2024-10-29
323,90200,07252M70811,2024-10-28,2024-10-28
324,90223,01794B85389,2024-10-28,2024-10-28
325,90242,03945F12228,2024-10-28,2024-10-29
326,90273,01675W49991,2024-10-28,2024-10-29
327,90275,06590G33499,2024-10-28,2024-10-29
328,90319,03673L91541,2024-10-28,2024-10-29
329,90351,13559W31279,2024-10-28,2024-10-29
330,90356,06641F43243,2024-10-28,2024-10-29
331,90383,05355D12141,2024-10-28,2024-10-29
332,90415,05874A10161,2024-10-28,2024-10-29
333,90430,03347Y60103,2024-10-28,2024-10-29
334,90494,04614V02064,2024-10-28,2024-10-28
335,90495,15473W66796,2024-10-28,2024-10-29
336,90508,04574K61399,2024-10-28,2024-10-29
337,90510,05534L41059,2024-10-28,2024-10-29
338,90519,02688H79767,2024-10-28,2024-10-29
339,90527,02751N29928,2024-10-28,2024-10-29
340,90544,03730O82760,2024-10-28,2024-10-28
341,90551,05115S66840,2024-10-28,2024-10-29
342,90553,06553S53009,2024-10-28,2024-10-29
343,90572,00673D21647,2024-10-28,2024-10-29
344,90580,02722Z85001,2024-10-28,2024-10-29
345,90586,01341H16962,2024-10-28,2024-10-29
346,90596,02095C49646,2024-10-28,2024-10-28
347,90604,01816F47630,2024-10-28,2024-10-29
348,90615,15249O46182,2024-10-28,2024-10-29
349,90627,04430B57322,2024-10-28,2024-10-29
350,90637,EWA0186191,2024-10-28,2024-10-29
351,90641,EWA0186191,2024-10-28,2024-10-29
352,90656,03433S23129,2024-10-28,2024-10-29
353,90674,08936D45061,2024-10-28,2024-10-28
354,90693,02331S89508,2024-10-28,2024-10-29
355,90697,14668F31928,2024-10-28,2024-10-29
356,90723,01363C99071,2024-10-28,2024-10-29
357,90749,02064J63288,2024-10-28,2024-10-29
358,90760,10184M67063,2024-10-28,2024-10-29
359,90765,03707T04108,2024-10-28,2024-10-29
360,90770,16737W27492,2024-10-28,2024-10-29
361,90776,06081P02829,2024-10-28,2024-10-29
362,90813,01458C89682,2024-10-28,2024-10-29
363,90825,03469R92612,2024-10-28,2024-10-29
364,90841,01640M63226,2024-10-28,2024-10-29
365,90932,05958L69441,2024-10-28,2024-10-29
366,90935,18668S08440,2024-10-28,2024-10-29
367,90937,04738G37757,2024-10-28,2024-10-29
368,90956,07867P04082,2024-10-28,2024-10-29
369,90957,03259M91319,2024-10-28,2024-10-29
370,90960,03259M91319,2024-10-28,2024-10-29
371,90865,04571S69088,2024-10-28,2024-10-29
372,90873,03613R47984,2024-10-28,2024-10-29
373,91360,12507L21603,2024-10-28,2024-10-28
374,91057,02538F02625,2024-10-28,2024-10-29
375,91443,18294S24708,2024-10-28,2024-10-28
376,91448,10562L48334,2024-10-28,2024-10-29
377,91459,19153B49178,2024-10-28,2024-10-29
378,91486,04402H44267,2024-10-28,2024-10-29
379,91503,18428H48022,2024-10-28,2024-10-29
380,91504,10062S29064,2024-10-28,2024-10-29
381,91515,15121E21125,2024-10-28,2024-10-28
382,91517,14029G65897,2024-10-28,2024-10-29
383,91519,01494L71625,2024-10-28,2024-10-28
384,91535,03471B31410,2024-10-28,2024-10-29
385,91020,04254L83478,2024-10-28,2024-10-29
386,91550,07427M94741,2024-10-28,2024-10-28
387,91554,04729I98558,2024-10-28,2024-10-29
388,91065,11574N79158,2024-10-28,2024-10-28
389,91071,02963D66187,2024-10-28,2024-10-29
390,91593,05662Y46178,2024-10-28,2024-10-28
391,91097,01243W40175,2024-10-28,2024-10-29
392,91639,01753W41804,2024-10-28,2024-10-29
393,91148,26271C32823,2024-10-28,2024-10-29
394,91665,04365O01812,2024-10-28,2024-10-29
395,91169,03438D05133,2024-10-28,2024-10-29
396,91171,04750M30284,2024-10-28,2024-10-29
397,91175,02988A73047,2024-10-28,2024-10-28
398,91184,03889S42956,2024-10-28,2024-10-29
399,91713,01282L31451,2024-10-28,2024-10-29
400,91250,01159G92891,2024-10-28,2024-10-29
401,91255,02178D16704,2024-10-28,2024-10-28
402,91272,02988T63582,2024-10-28,2024-10-29
403,91278,03288K80100,2024-10-28,2024-10-29
404,91798,01816M22757,2024-10-28,2024-10-29
405,91293,03289T81182,2024-10-28,2024-10-29
406,91803,02211S04707,2024-10-28,2024-10-29
407,91299,02423Z03274,2024-10-28,2024-10-29
408,91309,07162B51503,2024-10-28,2024-10-29
409,91824,02070O83232,2024-10-28,2024-10-29
410,91338,06617S75211,2024-10-28,2024-10-28
411,91861,04405M27797,2024-10-28,2024-10-28
412,91379,03685R35561,2024-10-28,2024-10-29
413,91913,03171P17871,2024-10-28,2024-10-29
414,91829,03550D96770,2024-10-28,2024-10-29
415,91831,03593G56554,2024-10-28,2024-10-29
416,91877,13227M67329,2024-10-28,2024-10-29
417,91884,01732L46433,2024-10-28,2024-10-29
418,80056,02567G57952,2024-10-28,2024-10-29
419,80803,04756M40031,2024-10-28,2024-10-28
420,80535,03282A15072,2024-10-28,2024-10-29
421,81171,04006B93377,2024-10-28,2024-10-29
422,81736,12722M57439,2024-10-28,2024-10-29
423,82549,04249Z31877,2024-10-28,2024-10-29
424,82620,13935B52317,2024-10-28,2024-10-29
425,84336,04460S61132,2024-10-28,2024-10-29
426,84522,12569W07306,2024-10-28,2024-10-29
427,84590,03860P09880,2024-10-28,2024-10-29
428,84824,16006W83909,2024-10-28,2024-10-29
429,85688,06374D24223,2024-10-28,2024-10-28
430,84937,04693G31214,2024-10-28,2024-10-29
431,85501,14642R04429,2024-10-28,2024-10-29
432,86465,01579E46988,2024-10-28,2024-12-24
433,86579,12185C75058,2024-10-28,2024-10-29
434,86639,04496D52432,2024-10-28,2024-10-29
435,87364,18016L03266,2024-10-28,2024-10-28
436,87130,04065D78687,2024-10-28,2024-10-29
437,88027,10360T78920,2024-10-28,2024-10-28
438,88045,18819P71349,2024-10-28,2024-10-28
439,87595,04066H94265,2024-10-28,2024-10-29
440,87800,11094P12243,2024-10-28,2024-10-28
441,88393,24453D61992,2024-10-28,2024-10-29
442,88461,13534P78671,2024-10-28,2024-10-29
443,88713,04566M95529,2024-10-28,2024-10-29
444,89308,01702G42182,2024-10-28,2024-10-28
445,89942,15689R78535,2024-10-28,2024-10-29
446,89428,04212V19737,2024-10-28,2024-10-29
447,89768,03351B03663,2024-10-28,2024-10-29
448,90349,13559W31279,2024-10-28,2024-10-29
449,90617,15249O46182,2024-10-28,2024-10-29
450,90698,14668F31928,2024-10-28,2024-10-29
451,90954,07867P04082,2024-10-28,2024-10-29
452,91021,04254L83478,2024-10-28,2024-10-29
453,91800,01816M22757,2024-10-28,2024-10-29
454,91730,12144C64017,2024-10-28,2024-10-29
455,91826,09207B60735,2024-10-28,2024-10-29
456,91834,02894S53896,2024-10-28,2024-10-29
457,91926,03824G62197,2024-10-28,2024-10-29
458,91929,02429C09619,2024-10-28,2024-10-29
459,91933,13617T90126,2024-10-28,2024-10-28
460,91947,09087A16644,2024-10-28,2024-10-29
461,92003,00322S28877,2024-10-28,2024-10-29
462,92005,00322S28877,2024-10-28,2024-10-29
463,92006,15538S45098,2024-10-28,2024-10-29
464,92038,01790H60187,2024-10-28,2024-10-29
465,92042,01030S98864,2024-10-28,2024-10-28
466,92060,03314C52357,2024-10-28,2024-10-29
467,92068,15024W23430,2024-10-28,2024-10-29
468,92078,06551G89083,2024-10-28,2024-10-28
469,92127,24011V14971,2024-10-28,2024-10-28
470,92161,18317K85234,2024-10-28,2024-10-29
471,92168,02214A04008,2024-10-28,2024-10-29
472,92170,02384S01693,2024-10-28,2024-10-29
473,92171,02384S01693,2024-10-28,2024-10-29
474,92173,06160S33200,2024-10-28,2024-10-29
475,92195,15704J93592,2024-10-28,2024-10-29
476,92196,15704J93592,2024-10-28,2024-10-29
477,92227,03293G69544,2024-10-28,2024-10-29
478,92240,02779N98135,2024-10-28,2024-10-29
479,92243,14000D88423,2024-10-28,2024-10-29
480,92251,10485C80172,2024-10-28,2024-10-29
481,92263,13812M43584,2024-10-28,2024-10-29
482,92264,13812M43584,2024-10-28,2024-10-29
483,92269,07209A95523,2024-10-28,2024-10-29
484,92270,07209A95523,2024-10-28,2024-10-29
485,92283,17372S59653,2024-10-28,2024-10-28
486,92288,01632K69021,2024-10-28,2024-10-29
487,92289,01368K03687,2024-10-28,2024-10-28
488,92295,05388K86520,2024-10-28,2024-10-29
489,92301,02819P61645,2024-10-28,2024-10-29
490,92304,04274H57352,2024-10-28,2024-10-29
491,92323,06535R43457,2024-10-28,2024-10-29
492,92386,06481S25949,2024-10-28,2024-10-29
493,92388,15742A53066,2024-10-28,2024-10-28
494,92465,04284D23127,2024-10-28,2024-10-29
495,92489,01707G25995,2024-10-28,2024-10-29
496,92493,03053W60568,2024-10-28,2024-10-29
497,92496,16115M91780,2024-10-28,2024-10-29
498,92504,01784R65488,2024-10-28,2024-10-29
499,92510,04606W20504,2024-10-28,2024-10-29
500,92538,01368R82479,2024-10-28,2024-10-29
501,92568,01291M98195,2024-10-28,2024-10-28
502,92578,03233B03145,2024-10-28,2024-10-29
503,92593,00354B03222,2024-10-28,2024-10-29
504,92640,08242Y34001,2024-10-28,2024-10-29
505,92599,01218M60258,2024-10-28,2024-10-29
506,92607,01372H92198,2024-10-28,2024-10-29
507,92618,14265N73419,2024-10-28,2024-10-29
508,92625,04573A33479,2024-10-28,2024-10-29
509,92635,01404J20739,2024-10-28,2024-10-29
510,92656,04427B43144,2024-10-28,2024-10-28
511,92657,04427B43144,2024-10-28,2024-10-28
512,92660,03198F16611,2024-10-28,2024-10-28
513,92695,03984K11724,2024-10-28,2024-10-29
514,92706,04300L96962,2024-10-28,2024-10-29
515,92714,01512N74979,2024-10-28,2024-10-29
516,92724,02268C75564,2024-10-28,2024-10-29
517,92741,14131G80906,2024-10-28,2024-10-29
518,92755,05063P03166,2024-10-28,2024-10-28
519,92767,18199L97133,2024-10-28,2024-10-29
520,92768,04762P31652,2024-10-28,2024-10-29
521,92791,04101E84849,2024-10-28,2024-10-29
522,92803,02879T58723,2024-10-28,2024-10-28
523,92813,EWA321714,2024-10-28,2024-10-29
524,92819,02326L86474,2024-10-28,2024-10-29
525,92830,04432B28844,2024-10-28,2024-10-29
526,92831,04432B28844,2024-10-28,2024-10-29
527,92833,03980S65110,2024-10-28,2024-10-29
528,92843,02694D11427,2024-10-28,2024-10-29
529,92860,02899B49445,2024-10-28,2024-10-29
530,92890,03042M02358,2024-10-28,2024-10-29
531,92935,10825C93653,2024-10-28,2024-10-29
532,92940,14136S30372,2024-10-28,2024-10-28
533,92943,16587L96588,2024-10-28,2024-10-29
534,92975,02898L13593,2024-10-28,2024-10-29
535,92993,01726Z93896,2024-10-28,2024-10-29
536,93004,17878C78443,2024-10-28,2024-10-28
537,93012,09443C24217,2024-10-28,2024-10-28
538,93029,03168S27975,2024-10-28,2024-10-29
539,93030,09921K08010,2024-10-28,2024-10-29
540,93031,17102J62176,2024-10-28,2024-10-29
541,93063,06229M96020,2024-10-28,2024-10-28
542,93065,02353K26252,2024-10-28,2024-10-29
543,93098,19291W85418,2024-10-28,2024-10-29
544,93144,06541M39380,2024-10-28,2024-10-29
545,93145,06541M39380,2024-10-28,2024-10-29
546,93156,05172S64800,2024-10-28,2024-10-29
547,93176,10346S40780,2024-10-28,2024-10-29
548,93221,02577M72579,2024-10-28,2024-10-29
549,93243,10756A75461,2024-10-28,2024-10-29
550,93271,04546S89399,2024-10-28,2024-10-29
551,93272,04546S89399,2024-10-28,2024-10-29
552,93275,00212P59524,2024-10-28,2024-10-29
553,93284,15925R32984,2024-10-28,2024-10-28
554,93297,13751Q31636,2024-10-28,2024-10-29
555,93350,03891M70644,2024-10-28,2024-10-29
556,93383,15896A58531,2024-10-28,2024-10-29
557,93362,15604W50900,2024-10-28,2024-10-29
558,93366,03349B87044,2024-10-28,2024-10-29
559,93403,03435F19449,2024-10-28,2024-10-29
560,93626,16252S33554,2024-10-28,2024-10-29
561,93896,04406W51400,2024-10-28,2024-10-28
562,94070,17574B98616,2024-10-28,2024-10-29
563,93578,01437M21288,2024-10-28,2024-10-29
564,93559,10377B74193,2024-10-28,2024-10-29
565,93589,03770B69367,2024-10-28,2024-10-29
566,93705,03949L46577,2024-10-28,2024-10-29
567,93766,01417S50024,2024-10-28,2024-10-28
568,93838,03238A36143,2024-10-28,2024-10-28
569,94161,22164S56619,2024-10-28,2024-10-29
570,94175,04559H59431,2024-10-28,2024-10-29
571,94040,02571H75528,2024-10-28,2024-10-29
572,93426,01970S02857,2024-10-28,2024-10-29
573,93440,19280L06721,2024-10-28,2024-10-29
574,93504,01338W66780,2024-10-28,2024-10-29
575,93676,19186Y24863,2024-10-28,2024-10-29
576,94167,09711F27000,2024-10-28,2024-10-29
577,93428,01310Z09805,2024-10-28,2024-10-29
578,93436,00648E89655,2024-10-28,2024-10-29
579,93500,07777C70979,2024-10-28,2024-10-29
580,93505,02596A26672,2024-10-28,2024-10-29
581,93521,10092S77346,2024-10-28,2024-10-29
582,93523,02835C65892,2024-10-28,2024-10-29
583,93548,05321T44089,2024-10-28,2024-10-28
584,93556,05113P39428,2024-10-28,2024-10-29
585,93608,02560S88778,2024-10-28,2024-10-29
586,93721,00641D48526,2024-10-28,2024-10-29
587,93732,01274R03772,2024-10-28,2024-10-29
588,93739,02657B46252,2024-10-28,2024-10-29
589,93770,01394M68614,2024-10-28,2024-10-29
590,93794,01614H17592,2024-10-28,2024-10-29
591,93871,03972G04128,2024-10-28,2024-10-29
592,93909,17036M18151,2024-10-28,2024-10-29
593,93911,02959S92423,2024-10-28,2024-10-29
594,93950,01215K01992,2024-10-28,2024-10-29
595,93964,01728M01203,2024-10-28,2024-10-29
596,93986,01250V41272,2024-10-28,2024-10-29
597,94057,02094C20301,2024-10-28,2024-10-29
598,94060,05322G78294,2024-10-28,2024-10-29
599,94074,00732L71820,2024-10-28,2024-10-29
600,94075,10816C90986,2024-10-28,2024-10-29
601,94088,03075S21000,2024-10-28,2024-10-29
602,94108,17312S43468,2024-10-28,2024-10-29
603,94146,03168C07224,2024-10-28,2024-10-29
604,94169,03971C02086,2024-10-28,2024-10-29
605,94187,04458S61152,2024-10-28,2024-10-29
606,94207,02358B11766,2024-10-28,2024-10-29
607,94252,03226C21536,2024-10-28,2024-10-29
608,94256,00256D33569,2024-10-28,2024-10-29
609,93684,01363C47108,2024-10-28,2024-10-29
610,94214,02036M60301,2024-10-28,2024-10-29
611,93759,01425A62838,2024-10-28,2024-10-29
612,93411,04399W20768,2024-10-28,2024-10-29
613,93417,16969C18875,2024-10-28,2024-10-29
614,93480,15202S22436,2024-10-28,2024-10-29
615,93595,01639P31181,2024-10-28,2024-10-29
616,93607,02922G09189,2024-10-28,2024-10-29
617,93610,05891A57802,2024-10-28,2024-10-29
618,93668,03856M90527,2024-10-28,2024-10-29
619,93718,03827A03052,2024-10-28,2024-10-29
620,93748,02536N99452,2024-10-28,2024-10-29
621,93780,22146S80496,2024-10-28,2024-10-29
622,93846,01272F85566,2024-10-28,2024-10-29
623,93873,07108F23729,2024-10-28,2024-10-28
624,93881,16583G79390,2024-10-28,2024-10-29
625,93885,02515R88031,2024-10-28,2024-10-29
626,93915,05418E24765,2024-10-28,2024-10-29
627,93917,04848C63315,2024-10-28,2024-10-29
628,93922,04154F44254,2024-10-28,2024-10-29
629,93925,14959G93257,2024-10-28,2024-10-28
630,93977,00469C41201,2024-10-28,2024-10-29
631,93998,04673C01831,2024-10-28,2024-10-29
632,94007,04137K62283,2024-10-28,2024-10-29
633,94061,04243M47579,2024-10-28,2024-10-29
634,94265,19621B61313,2024-10-28,2024-10-29
635,94459,03008H90157,2024-10-28,2024-10-29
636,94321,15646B01595,2024-10-28,2024-10-29
637,94322,15646B01595,2024-10-28,2024-10-29
638,94325,16628C30361,2024-10-28,2024-10-29
639,94327,16423J16385,2024-10-28,2024-10-28
640,94349,21801C10488,2024-10-28,2024-10-29
641,94357,02427F79074,2024-10-28,2024-10-29
642,94359,21220F08111,2024-10-28,2024-10-29
643,94374,02354P45652,2024-10-28,2024-10-29
644,94375,04327T06773,2024-10-28,2024-10-29
645,94382,02957C54316,2024-10-28,2024-10-29
646,94393,02476S88628,2024-10-28,2024-10-29
647,94407,05689R27602,2024-10-28,2024-10-29
648,94413,04543M21725,2024-10-28,2024-10-29
649,94426,04368H24318,2024-10-28,2024-10-29
650,94428,03441E06561,2024-10-28,2024-10-29
651,94440,13839S33291,2024-10-28,2024-10-29
652,94462,04095C79770,2024-10-28,2024-10-29
653,94465,15698V93436,2024-10-28,2024-10-29
654,94466,15698V93436,2024-10-28,2024-10-29
655,94502,08025D49956,2024-10-28,2024-10-29
656,94513,03135P18510,2024-10-28,2024-10-29
657,94514,03225P88584,2024-10-28,2024-10-29
658,94533,04759C95885,2024-10-28,2024-10-29
659,94045,04309I96362,2024-10-28,2024-10-29
660,94540,01881B04062,2024-10-28,2024-10-29
661,94584,15941W22741,2024-10-28,2024-10-28
662,94605,02447R51667,2024-10-28,2024-10-29
663,94608,02898Z08946,2024-10-28,2024-10-29
664,94609,02053T30752,2024-10-28,2024-10-29
665,94618,03524S57856,2024-10-28,2024-10-29
666,94622,04284N14115,2024-10-28,2024-10-29
667,94625,10400H52261,2024-10-28,2024-10-29
668,94637,01788M66852,2024-10-28,2024-10-29
669,94672,04530N77418,2024-02-13,2024-03-01
670,94679,01876M40427,2024-10-28,2024-10-29
671,94702,01309H26561,2024-10-28,2024-10-29
672,94712,02125S87959,2024-10-28,2024-10-29
673,94736,04005C29433,2024-10-28,2024-10-29
674,94737,03561S67440,2024-10-28,2024-10-29
675,94760,08364J62277,2024-10-28,2024-10-29
676,94764,01218G85941,2024-10-28,2024-10-29
677,94767,03529P85736,2024-10-28,2024-10-29
678,94784,02625P19002,2024-10-28,2024-10-29
679,94803,01275D85218,2024-10-28,2024-10-29
680,94850,12150K65643,2024-10-28,2024-10-29
681,94814,14967B17964,2024-10-28,2024-10-29
682,94826,01455C73266,2024-10-28,2024-10-29
683,94830,08314F13001,2024-10-28,2024-10-28
684,94856,01087D84863,2024-10-28,2024-10-29
685,94861,01248B82878,2024-10-28,2024-10-29
686,94908,06593W44392,2024-10-28,2024-10-29
687,94915,03109D20570,2024-10-28,2024-10-29
688,94917,07697K98467,2024-10-28,2024-10-29
689,94923,03885F03072,2024-10-28,2024-10-29
690,94925,04080G79455,2024-10-28,2024-10-29
691,94940,13228K21977,2024-10-28,2024-10-29
692,94947,02336C09172,2024-10-28,2024-10-29
693,94954,07773W97467,2024-10-28,2024-10-29
694,94971,01494S80268,2024-10-28,2024-10-29
695,94976,01216C44588,2024-10-28,2024-10-29
696,94995,03683S58480,2024-10-28,2024-10-29
697,95000,01442L45460,2024-10-28,2024-10-28
698,95002,02154L89511,2024-10-28,2024-10-28
699,95008,03945M77733,2024-10-28,2024-10-29
700,95014,07258K77096,2024-10-28,2024-10-29
701,95035,03740D62569,2024-10-28,2024-10-29
702,95061,01675L36248,2024-10-28,2024-10-29
703,95065,05511D16503,2024-10-28,2024-10-29
704,95099,01783F49655,2024-10-28,2024-10-28
705,95118,02688C10620,2024-10-28,2024-10-29
706,95134,08206R84287,2024-10-28,2024-10-29
707,95140,01726B96713,2024-10-28,2024-10-29
708,95148,02337V20781,2024-10-28,2024-10-29
709,95163,01767H21372,2024-10-28,2024-10-29
710,95219,00829R86405,2024-10-28,2024-10-29
711,95222,04188B83574,2024-10-28,2024-10-29
712,95235,01497H07173,2024-10-28,2024-10-28
713,95254,04666C85517,2024-10-28,2024-10-29
714,95259,01400S60529,2024-10-28,2024-10-29
715,95271,02903H01675,2024-10-28,2024-10-29
716,95278,04670D06670,2024-10-28,2024-10-29
717,95324,04460R46390,2024-10-28,2024-10-29
718,95337,01636M43442,2024-10-28,2024-10-29
719,95339,01366L37988,2024-10-28,2024-10-29
720,95342,02362T45689,2024-10-28,2024-10-29
721,95347,17190S00000,2024-10-28,2024-10-29
722,95350,16600W12227,2024-10-28,2024-10-29
723,95353,09115M32705,2024-10-28,2024-10-29
724,95354,09115M32705,2024-10-28,2024-10-29
725,95360,03707C61207,2024-10-28,2024-10-29
726,95390,13627D69971,2024-10-28,2024-10-29
727,95392,13627D69971,2024-10-28,2024-10-29
728,95397,01310P05443,2024-10-28,2024-10-29
729,95402,12291C97194,2024-10-28,2024-10-29
730,95404,18949R07283,2024-10-28,2024-10-29
731,95418,01282D91676,2024-10-28,2024-10-29
732,95424,04301F42970,2024-10-28,2024-10-29
733,95436,01908M66234,2024-10-28,2024-10-29
734,95503,01884F82833,2024-10-28,2024-10-29
735,95506,02095F88823,2024-10-28,2024-10-28
736,95507,17369G60373,2024-10-28,2024-10-29
737,95513,03682S27338,2024-10-28,2024-10-29
738,95526,01458W85380,2024-10-28,2024-10-29
739,95546,02868F82602,2024-10-28,2024-10-29
740,95548,01212L69186,2024-10-28,2024-10-29
741,95558,01764F86889,2024-10-28,2024-10-29
742,96617,04964T48880,2024-10-28,2024-10-29
743,95598,04142C03607,2024-10-28,2024-10-29
744,95613,02625C19875,2024-10-28,2024-10-29
745,95627,14904M77751,2024-10-28,2024-10-29
746,95629,02663T51073,2024-10-28,2024-10-29
747,95637,14904M77751,2024-10-28,2024-10-29
748,95641,02663T51073,2024-10-28,2024-10-29
749,95674,17334J16830,2024-10-28,2024-10-29
750,95682,09204H61905,2024-10-28,2024-10-29
751,95700,01253S50152,2024-10-28,2024-10-29
752,95721,02475M28536,2024-10-28,2024-10-29
753,95768,03198C21498,2024-10-28,2024-10-29
754,95769,03198C21498,2024-10-28,2024-10-29
755,95795,01307B45856,2024-10-28,2024-10-28
756,95820,07634S37717,2024-10-28,2024-10-29
757,95848,04421C69778,2024-10-28,2024-10-29
758,95857,03564V75102,2024-10-28,2024-10-28
759,95873,04635H82521,2024-10-28,2024-10-28
760,95879,11128F34166,2024-10-28,2024-10-29
761,95883,04036W93698,2024-10-28,2024-10-29
762,95896,12548J33847,2024-10-28,2024-10-28
763,95898,03581L50707,2024-10-28,2024-10-29
764,95916,03378S24699,2024-10-28,2024-10-29
765,95921,01222D94859,2024-10-28,2024-10-29
766,95927,00972R22980,2024-10-28,2024-10-29
767,95935,18106S46622,2024-10-28,2024-10-29
768,95942,01458B81036,2024-10-28,2024-10-29
769,95948,13029S45420,2024-10-28,2024-10-29
770,95949,13029S45420,2024-10-28,2024-10-29
771,95950,01181L41875,2024-10-28,2024-10-28
772,95955,03284F42193,2024-10-28,2024-10-29
773,95962,02356P25304,2024-10-28,2024-10-29
774,95968,01282D83570,2024-10-28,2024-10-29
775,95975,04753L37025,2024-10-28,2024-10-29
776,95993,08156B44917,2024-10-28,2024-10-28
777,96017,03913K89996,2024-10-28,2024-10-29
778,96044,07161M33720,2024-10-28,2024-10-29
779,96063,02244D02976,2024-10-28,2024-10-29
780,96128,00867B09036,2024-10-28,2024-10-28
781,96137,02119D89615,2024-10-28,2024-10-28
782,96158,04732J22346,2024-10-28,2024-10-29
783,96171,06101B61819,2024-10-28,2024-10-29
784,96178,01455W04290,2024-10-28,2024-10-29
785,96185,03353T09949,2024-10-28,2024-10-29
786,96209,07699C38156,2024-10-28,2024-10-29
787,96212,01066D83246,2024-10-28,2024-10-29
788,96221,04097G55045,2024-10-28,2024-10-29
789,96235,01252P85643,2024-10-28,2024-10-29
790,96252,03144P08838,2024-10-28,2024-10-29
791,96268,05505E08640,2024-10-28,2024-10-29
792,96277,14545H81647,2024-10-28,2024-10-29
793,96327,03567S78813,2024-10-28,2024-10-29
794,96332,01975P38561,2024-10-28,2024-10-29
795,96339,01242D89622,2024-10-28,2024-10-29
796,96341,01420M98990,2024-10-28,2024-10-29
797,96343,05711P57199,2024-10-28,2024-10-29
798,96358,00528A16191,2024-10-28,2024-10-29
799,96361,03732F88281,2024-10-28,2024-10-29
800,96362,11217A66717,2024-10-28,2024-10-29
801,96363,16461S56130,2024-10-28,2024-10-29
802,96366,12975C39840,2024-10-28,2024-10-28
803,96367,12951P45360,2024-10-28,2024-10-29
804,96369,12988H15731,2024-10-28,2024-10-29
805,96371,26163M54132,2024-10-28,2024-10-28
806,96377,04574K61399,2024-10-28,2024-10-29
807,96397,04310G57769,2024-10-28,2024-10-29
808,96401,17783V61309,2024-10-28,2024-10-29
809,96402,01309W27656,2024-10-28,2024-10-29
810,96404,18214L61028,2024-10-28,2024-10-29
811,96411,01882R21380,2024-10-28,2024-10-29
812,96414,01849R42227,2024-10-28,2024-10-29
813,96419,13905P53178,2024-10-28,2024-10-29
814,96430,08124S26334,2024-10-28,2024-10-29
815,96443,15719L66058,2024-10-28,2024-10-29
816,96445,13045G22889,2024-10-28,2024-10-29
817,96456,16322R66400,2024-10-28,2024-10-29
818,96474,03791B60484,2024-10-28,2024-10-29
819,96485,04402B43484,2024-10-28,2024-10-29
820,96489,01365S09792,2024-10-28,2024-10-29
821,96501,01398W70251,2024-10-28,2024-10-29
822,96515,05143B48809,2024-10-28,2024-10-29
823,96539,03596M65449,2024-10-28,2024-10-29
824,96540,07939M09347,2024-10-28,2024-10-29
825,96542,03194D56485,2024-10-28,2024-10-29
826,96559,03979B98135,2024-10-28,2024-10-29
827,96567,03795D86577,2024-10-28,2024-10-29
828,96568,02274L22017,2024-10-28,2024-10-29
829,96582,04517H56044,2024-10-28,2024-10-29
830,96591,18212M78022,2024-10-28,2024-10-28
831,96596,03559M44837,2024-10-28,2024-10-29
832,96597,00921V29334,2024-10-28,2024-10-29
833,96608,01522N22973,2024-10-28,2024-10-28
834,96615,06626K08305,2024-10-28,2024-10-28
835,96618,04964T48880,2024-10-28,2024-10-29
836,96623,15199C25085,2024-10-28,2024-10-29
837,96625,03136Z81878,2024-10-28,2024-10-29
838,96632,01819H86357,2024-10-28,2024-10-29
839,96665,01966B92573,2024-10-28,2024-10-29
840,96672,01458R64341,2024-10-28,2024-10-29
841,96687,02667S29376,2024-10-28,2024-10-29
842,96701,04038K89019,2024-10-28,2024-10-29
843,96730,04517H56044,2024-10-28,2024-10-29
844,96733,16997B75592,2024-10-28,2024-10-29
845,96955,01792C97205,2024-10-28,2024-10-28
846,96830,00738C04323,2024-10-28,2024-10-29
847,96857,18120W31584,2024-10-28,2024-10-29
848,96871,02963O49555,2024-10-28,2024-10-29
849,96885,03891J16104,2024-10-28,2024-10-29
850,96897,15703M57218,2024-10-28,2024-10-29
851,96900,02417W00172,2024-10-28,2024-10-29
852,96901,03858J71358,2024-10-28,2024-10-29
853,96905,01260J86178,2024-10-28,2024-10-29
854,96925,02899R88892,2024-10-28,2024-10-29
855,96936,02961B76848,2024-10-28,2024-10-29
856,96939,09229E40121,2024-10-28,2024-10-29
857,96947,01242C85710,2024-10-28,2024-10-29
858,96948,01576G83057,2024-10-28,2024-10-29
859,96960,01548Y61686,2024-10-28,2024-10-29
860,96975,16937S31192,2024-10-28,2024-10-28
861,96980,04100M40366,2024-10-28,2024-10-29
862,97869,03709B35762,2024-10-28,2024-10-29
863,97176,02181Z72549,2024-10-28,2024-10-29
864,97317,04653A47565,2024-10-28,2024-10-29
865,97519,01308P15951,2024-10-28,2024-10-29
866,97520,01308P15951,2024-10-28,2024-10-29
867,97816,04392L05742,2024-10-28,2024-10-29
868,97374,03566G00691,2024-10-28,2024-10-29
869,97008,02779A96365,2024-10-28,2024-10-29
870,97899,01518B66288,2024-10-28,2024-10-29
871,97887,12093B39666,2024-10-28,2024-10-29
872,97062,02036M60301,2024-10-28,2024-10-29
873,97476,02243E51355,2024-10-28,2024-10-29
874,97019,06735D52854,2024-10-28,2024-10-29
875,97772,01574S54844,2024-10-28,2024-10-29
876,97078,15234C29562,2024-10-28,2024-10-28
877,97079,15234C29562,2024-10-28,2024-10-28
878,97084,11541K16734,2024-10-28,2024-10-29
879,97254,04030A97439,2024-10-28,2024-10-29
880,97020,05182H84776,2024-10-28,2024-10-28
881,97586,01918F82556,2024-10-28,2024-10-29
882,97375,18906L59646,2024-10-28,2024-10-29
883,97585,03982T21338,2024-10-28,2024-10-29
884,97882,03045O62247,2024-10-28,2024-10-29
885,96984,02361A88548,2024-10-28,2024-10-29
886,96985,02361A88548,2024-10-28,2024-10-29
887,97075,04163K48544,2024-10-28,2024-10-29
888,97097,19407W24924,2024-10-28,2024-10-29
889,97016,01998M09363,2024-10-28,2024-10-29
890,97089,02300A53686,2024-10-28,2024-10-29
891,97779,17342H02215,2024-10-28,2024-10-29
892,97707,09677M49546,2024-10-28,2024-10-29
893,97107,04756M34565,2024-10-28,2024-10-29
894,96994,03596C07834,2024-10-28,2024-10-29
895,97000,02864O66118,2024-10-28,2024-10-29
896,97010,07523H58000,2024-10-28,2024-10-29
897,97012,03409C38318,2024-10-28,2024-10-29
898,97042,03863K07627,2024-10-28,2024-10-28
899,97046,16417G02159,2024-10-28,2024-10-29
900,97061,15204A75408,2024-10-28,2024-10-29
901,97063,10817K07414,2024-10-28,2024-10-29
902,97067,04424D04723,2024-10-28,2024-10-29
903,97074,26449B95846,2024-10-28,2024-10-29
904,97093,04499K64789,2024-10-28,2024-10-29
905,97119,02628D04752,2024-10-28,2024-10-29
906,97130,02899R92915,2024-10-28,2024-10-29
907,97147,05893M94049,2024-10-28,2024-10-29
908,97153,02268B25017,2024-10-28,2024-10-29
909,97163,01934G51583,2024-10-28,2024-10-29
910,97171,03022K44420,2024-10-28,2024-10-28
911,97196,05623Q42269,2024-10-28,2024-10-29
912,97198,02327K67003,2024-10-28,2024-10-29
913,97235,03343W35459,2024-10-28,2024-10-29
914,97245,00741C01188,2024-10-28,2024-10-29
915,97258,04007G50854,2024-10-28,2024-10-29
916,97273,02712Z70284,2024-10-28,2024-10-29
917,97290,18182M15283,2024-10-28,2024-10-28
918,97294,02326G49196,2024-10-28,2024-10-29
919,97296,02326G49196,2024-10-28,2024-10-29
920,97297,01273B94202,2024-10-28,2024-10-29
921,97300,01613K63850,2024-10-28,2024-10-29
922,97325,02176C21614,2024-10-28,2024-10-29
923,97333,03624Y15888,2024-10-28,2024-10-29
924,97346,02179K86840,2024-10-28,2024-10-29
925,97360,04313F42190,2024-10-28,2024-10-28
926,97367,03586D43718,2024-10-28,2024-10-29
927,97400,07644O37905,2024-10-28,2024-10-29
928,97401,17026B58727,2024-10-28,2024-10-29
929,97403,18800S58171,2024-10-28,2024-10-28
930,97415,01814F04444,2024-10-28,2024-10-29
931,97427,25678L72947,2024-10-28,2024-10-29
932,97430,02598B08913,2024-10-28,2024-10-29
933,97463,04348M24974,2024-10-28,2024-10-29
934,97467,04482J26700,2024-10-28,2024-10-29
935,97944,02991N29289,2024-10-28,2024-10-29
936,97488,05234T54856,2024-10-28,2024-10-29
937,97500,12135S47655,2024-10-28,2024-10-29
938,97509,04185L86562,2024-10-28,2024-10-29
939,97526,19232S28108,2024-10-28,2024-10-29
940,97541,01489O93590,2024-10-28,2024-10-29
941,97563,01224C84396,2024-10-28,2024-10-29
942,97582,01730C68236,2024-10-28,2024-10-29
943,97589,01345B91406,2024-10-28,2025-08-29
944,97591,00285D02556,2024-10-28,2024-10-29
945,97607,05027H63961,2024-10-28,2024-10-28
946,97611,02479B33782,2024-10-28,2024-10-29
947,97625,09175F95732,2024-10-28,2024-10-29
948,97636,01574F51976,2024-10-28,2024-10-29
949,97642,01469H59593,2024-10-28,2024-10-29
950,97650,03235G45758,2024-10-28,2024-10-28
951,97656,13764J18975,2024-10-28,2024-10-29
952,97658,13764J18975,2024-10-28,2024-10-29
953,97702,01359E10131,2024-10-28,2024-10-29
954,97704,03165T09321,2024-10-28,2024-10-28
955,97708,04033M38051,2024-10-28,2024-10-29
956,97747,02325S05232,2024-10-28,2024-10-29
957,97758,01819R97502,2024-10-28,2024-10-29
958,97892,01819R97502,2024-10-28,2024-10-29
959,97767,08619K53226,2024-10-28,2024-10-29
960,97771,02120F46663,2024-10-28,2024-10-29
961,97811,03350M44959,2024-10-28,2024-10-28
962,97798,02155R45470,2024-10-28,2024-10-29
963,97800,02430E95964,2024-10-28,2024-10-29
964,97826,03111M05925,2024-10-28,2024-10-29
965,97840,02292M14739,2024-10-28,2024-10-29
966,97851,02262C74475,2024-10-28,2024-10-29
967,97858,09535C44843,2024-10-28,2024-10-29
968,97866,17890R85628,2024-10-28,2024-10-28
969,97911,02659N26123,2024-10-28,2024-10-29
970,97918,04458B74745,2024-10-28,2024-10-29
971,97977,15831R88056,2024-10-28,2024-10-28
972,97999,13227M67329,2024-10-28,2024-10-29
973,98066,03325K33920,2024-10-28,2024-10-29
974,98156,01521G11775,2024-10-28,2024-10-29
975,97962,02154S80781,2024-10-28,2024-10-28
976,97975,01915Y41573,2024-10-28,2024-10-29
977,97992,06712C19016,2024-10-28,2024-10-29
978,97998,02205M21663,2024-10-28,2024-10-28
979,98009,02631W26493,2024-10-28,2024-10-29
980,98029,01604H44719,2024-10-28,2024-10-29
981,98046,01202P08605,2024-10-28,2024-10-28
982,98055,01039A40925,2024-10-28,2024-10-29
983,98058,19189S98453,2024-10-28,2024-10-29
984,98064,01910S44083,2024-10-28,2024-10-28
985,98074,02698N97343,2024-10-28,2024-10-29
986,98077,04049A65596,2024-10-28,2024-10-29
987,98089,02235L09810,2024-10-28,2024-10-29
988,98097,02960S58117,2024-10-28,2024-10-29
989,98098,02960S58117,2024-10-28,2024-10-29
990,98101,10422P25365,2024-10-28,2024-10-29
991,98112,13587B72237,2024-10-28,2024-10-29
992,98119,17870M99058,2024-10-28,2024-10-28
993,98121,01631M08980,2024-10-28,2024-10-29
994,98129,01854M86466,2024-10-28,2024-10-29
995,98133,00527A83341,2024-10-28,2024-10-29
996,98153,02091A60348,2024-10-28,2024-10-28
997,98157,25316B65551,2024-10-28,2024-10-29
998,98159,01302M26496,2024-10-28,2024-10-29
999,98170,02983K96365,2024-10-28,2024-10-29
1000,98172,01397C45058,2024-10-28,2024-10-29
